"geo_accession","title","disease","day"
"GSM812611","sample 3_untreated","Untreated",NA
"GSM812612","sample 4_untreated","Untreated",NA
"GSM812613","sample 5_untreated","Untreated",NA
"GSM812615","sample 7_se/ARDS Day 0","ARDS","Day0"
"GSM812616","sample 8_se/ARDS Day 0","ARDS","Day0"
"GSM812618","sample 10_se/ARDS Day 0","ARDS","Day0"
"GSM812619","sample 11_untreated","Untreated",NA
"GSM812620","sample 12_untreated","Untreated",NA
"GSM812621","sample 13_untreated","Untreated",NA
"GSM812624","sample 16_untreated","Untreated",NA
"GSM812625","sample 17_untreated","Untreated",NA
"GSM812627","sample 19_untreated","Untreated",NA
"GSM812631","sample 23_se/ARDS Day 0","ARDS","Day0"
"GSM812647","sample 39_se/ARDS Day 0","ARDS","Day0"
"GSM812655","sample 47_untreated","Untreated",NA
"GSM812659","sample 51_untreated","Untreated",NA
"GSM812667","sample 59_untreated","Untreated",NA
"GSM812670","sample 62_untreated","Untreated",NA
"GSM812673","sample 65_se/ARDS Day 0","ARDS","Day0"
"GSM812676","sample 68_untreated","Untreated",NA
"GSM812677","sample 69_se/ARDS Day 0","ARDS","Day0"
"GSM812683","sample 75_se/ARDS Day 0","ARDS","Day0"
"GSM812686","sample 78_se/ARDS Day 0","ARDS","Day0"
"GSM812688","sample 80_untreated","Untreated",NA
"GSM812689","sample 81_untreated","Untreated",NA
"GSM812690","sample 82_untreated","Untreated",NA
"GSM812693","sample 85_se/ARDS Day 0","ARDS","Day0"
"GSM812695","sample 87_se/ARDS Day 0","ARDS","Day0"
"GSM812699","sample 91_untreated","Untreated",NA
"GSM812702","sample 94_untreated","Untreated",NA
"GSM812705","sample 97_se/ARDS Day 0","ARDS","Day0"
"GSM812707","sample 99_se/ARDS Day 0","ARDS","Day0"
"GSM812721","sample 113_se/ARDS Day 0","ARDS","Day0"
"GSM812728","sample 120_untreated","Untreated",NA
"GSM812731","sample 123_se/ARDS Day 0","ARDS","Day0"
"GSM812733","sample 125_se/ARDS Day 0","ARDS","Day0"
"GSM812735","sample 127_untreated","Untreated",NA
"GSM812736","sample 128_untreated","Untreated",NA
"GSM812737","sample 129_se/ARDS Day 0","ARDS","Day0"
"GSM812739","sample 131_se/ARDS Day 0","ARDS","Day0"
"GSM812741","sample 133_untreated_1","Untreated",NA
"GSM812742","sample 133_untreated_2","Untreated",NA
"GSM812743","sample 133_untreated_3","Untreated",NA
"GSM812744","sample 133_untreated_4","Untreated",NA
"GSM812745","sample 133_untreated_5","Untreated",NA
"GSM812746","sample 133_untreated_6","Untreated",NA
"GSM812747","sample 133_untreated_7","Untreated",NA
"GSM812748","sample 133_untreated_8","Untreated",NA
"GSM812749","sample 133_untreated_9","Untreated",NA
"GSM812750","sample 133_untreated_10","Untreated",NA
"GSM812751","sample 133_untreated_11","Untreated",NA
"GSM812752","sample 133_untreated_12","Untreated",NA
