"","C51ctr","C52ctr","C53ctr","C54ctr","C55ctr","C56ctr","C57ctr","L01cov","L03cov","L04cov","L04covaddon","L05cov","L06cov","L07cov","L08cov","L09cov","L10cov","L11cov","L12cov","L13cov","L15cov","L16cov","L17cov","L18cov","L19cov","L21cov","L22cov"
"Mature_neutrophils",0.0761001325002992,0.189729588183084,0.112882289789345,0.137083816305685,0.162440976189401,0.0775949061921624,0.14412304975278,0.158250029942706,0.12689138405326,0.100379264657281,0.0905392085531555,0.156500799186848,0.201562490634028,0.0778357880854205,0.102415721053395,0.135013959186682,0.180571151499905,0.201306724726539,0.145287311927772,0.19506600734315,0.136745969716897,0.140698071881331,0.228287491138946,0.212545133121397,0.234842584214403,0.128722797458113,0.152382717142255
"Plasmablasts",-0.0205186036790463,-0.086387020278231,0.101514584655796,-0.00988035603172622,0.101925113195352,0.146202312203467,-0.00146273204057418,-0.0206296516599975,0.177687792004739,0.255616443662927,0.232920348882833,0.185943936881864,0.0889456662779704,0.229444398653995,0.196921308898336,0.129178109831498,0.0319112838904903,0.140464345780627,0.134292696001019,-0.0306909908887384,0.0339065769373078,0.130391041998187,-0.0201708467982215,0.0710760107376696,0.0249606201035739,0.106870542972467,0.163319870204318
"Degranulating_neutrophils",-0.612084479497238,-0.612084479497238,-0.612084479497238,-0.612084479497238,-0.612084479497238,-0.507719844744252,-0.612084479497238,-0.614905145301372,-0.614905145301372,-0.614905145301372,-0.612084479497238,-0.555671163414543,-0.623367142713777,-0.575415824043486,-0.614905145301372,-0.612084479497238,-0.612084479497238,-0.614905145301372,-0.612084479497238,-0.614905145301372,-0.612084479497238,-0.612084479497238,-0.617725811105507,-0.612084479497238,-0.612084479497238,-0.612084479497238,-0.617725811105507
"B_cells",0.0552278147099738,0.0126674642499057,0.218033210586896,0.00791998619596183,0.128386296860071,0.0190696550182612,0.0427324911377213,0.0395759071822626,-0.0296083330577668,-0.0127012697648298,0.00272489492374255,-0.00897235675889731,-0.0285667725860723,0.0463535027468132,9.21976134938418e-05,0.0174842008204818,0.0152036949619262,-0.036683405986529,-0.0116126032573719,-0.0311488056972208,-0.0155913605070335,0.0342481959453225,0.0080537430231325,-0.0267897805908702,0.0264976198272513,-0.0207824883266929,-0.00141523460910984
"CD4_T_cells",0.221704818227308,0.14309045137794,0.12698051855664,0.215817107994006,0.182378145983913,0.0559245211463447,0.179938236023957,0.147417200057269,0.00927423588024351,0.0428162021088211,0.0668145071343794,-0.0109286136149437,0.0716670211375,0.198641780605714,0.106087310558253,0.046926636104266,0.0455820864112911,0.00900347381205094,0.100003589299629,0.121966425994421,0.0725866729164289,0.0701677314752669,0.112840056747687,0.0346650290475137,0.0210610273510865,0.154066194455605,0.117673224843172
"CD8_T_cells",0.163878223214737,-0.0420730284557462,-0.0109190685097469,0.0721655590035384,-0.0184293044548131,-0.0842543351663243,-0.00764834173899229,0.0527539110181244,-0.0390322533617379,0.014686851169224,0.0349349625250369,-0.0888202915130359,-0.0501886386823309,0.14105963954631,-0.0193167481133978,-0.101877862656394,-0.083365796819272,-0.0939493542787171,0.000809099553844085,-0.0312492987187367,0.00161250899368638,0.00478090754210067,-0.0646012123216054,-0.0912233724949656,-0.0305891927423272,0.150412365980433,0.0578536467745774
"Immature_neutrophils",-0.0124811744720234,0.0111252555661011,-0.0395481410461537,-0.0490628698891156,-0.0249291539319193,0.0854990321728974,-0.0144440402756005,-0.0275239084791918,-0.0687128268076185,-0.151721617405531,-0.152569327711684,-0.0324609440811676,-0.0246633011260364,-0.0866616533425554,-0.112742776730057,0.0182696654766826,-0.0540322214992317,-0.0439639540834658,-0.0578683688242881,-0.0233230582688437,-0.0301622054201859,-0.0647798753803594,-0.0165952174141482,-0.0661901386820697,-0.00693875168787735,-0.0610168939230292,-0.066326115679531
"Classical_monocytes",0.231498862874209,0.266643046367094,0.249992042020538,0.263165229344636,0.218077414455231,0.210166054158697,0.272791959478062,0.273519224276091,0.342655460056927,0.313707591831364,0.305391861594977,0.376632857286223,0.327732850375236,0.227624412949693,0.323920330492807,0.300461023083008,0.356886766587594,0.372762401426902,0.315870341604173,0.339647016440251,0.320946087718685,0.308320428356519,0.267924020140083,0.334991269830145,0.281345905204291,0.218164209617821,0.260302030839763
"Non-classical_monocytes",0.137262235633583,0.238147286605362,0.156254414957869,0.187442686566686,0.178313403775237,0.195798589977836,0.207063821745242,0.252468176745842,0.231452332101537,0.155275076598358,0.148758243182757,0.25011106833928,0.223020679560244,0.0957021397190208,0.174841423480086,0.181914171422014,0.251331370349341,0.259091751481825,0.194175484540318,0.22040999388046,0.248933861218614,0.192964999185215,0.215437319523501,0.257766872081207,0.213210080472887,0.180272503007693,0.155796611986191
"NK cells",0.154599676488478,-0.0547466377884916,-0.0356578398558567,0.0420689358352933,-0.0160349972114294,-0.0607352904137355,0.0125402753335635,0.0568002907733268,-0.0503117014357363,-0.0613551231143422,-0.0329254536870074,-0.0657958787549499,-0.0428686030537236,0.0399062810205606,-0.0578925290179156,-0.0335519279755674,-0.0373499156214316,-0.102038146119535,-0.0293597501844551,-0.0104815878725474,0.0129071536082616,-0.0159246855777533,-0.023667278272954,-0.0324986317963024,0.00423340043515994,0.0494394585829688,-0.0276781560607784
"Neutrophil_progenitors",-0.371541119828711,-0.182840117082643,-0.302250182157317,-0.328970081204571,-0.36186846046586,-0.0821072881680988,-0.312010456991745,-0.366852474719693,-0.118667659014669,-0.0462090289919584,-0.0622500479522205,-0.230986751217078,-0.225763854515796,-0.348419713105237,-0.154150086602995,-0.137129380882471,-0.260745985100301,-0.188193228856529,-0.23452376122604,-0.218455656007848,-0.192883283512899,-0.216175976374088,-0.187884155541207,-0.258613139905286,-0.19845493874186,-0.262909573189883,-0.215158262801553
