"sample","group","Immature_Neutrophils","Non_classical_Mono","Mature_Neutrophils","n_bins"
"GSM9336958","Control",0.0118451635973538,0.0170044258094573,0.0154657607723941,376534
"GSM9336959","COVID_ARDS",0.0127391382084749,0.0193803866759842,0.0174772036474164,699983
"GSM9336960","ARDS",0.0135437153584838,0.0181691125087351,0.0157786518862864,634858
"GSM9336961","ARDS",0.0131414267834793,0.0156068017703238,0.0155104595029501,630385
"GSM9336962","ARDS",0.0126497407473628,0.0181691125087351,0.0160468442696227,601260
"GSM9336963","ARDS",0.0132755229751475,0.0160260889820638,0.0151975683890578,657107
"GSM9336964","ARDS",0.0135884140890399,0.0186349871884463,0.0152869658501699,649887
"GSM9336965","ARDS",0.0126944394779188,0.0168180759375728,0.0158680493473985,699001
"GSM9336966","ARDS",0.0125156445556946,0.0136501281155369,0.0164938315751833,663136
