"","A1","A6","A27","A33","A38","A41","A43","A45","A53","A57","A59","A65","A68","A70","A72","A73","A75","A81","A86","A87","A90","A97","A102","A108","A112","A2","A4","A7","A8","A9","A10","A13","A16","A28","H1","H2","H7","H8","H9","H11","H14","H15","H19","H20","H21","H22","H24","H25","H16"
"Mature_neutrophils",0.418231784926086,0.410765878441333,0.455643988599936,0.490504357767342,0.470502233364956,0.491292041134139,0.488648995572008,0.466186870558382,0.484576232673992,0.486771632946671,0.460063772486593,0.479695265196429,0.475706988263731,0.455156424322658,0.465142406201075,0.422181078217706,0.482691173189664,0.473279305907876,0.485061524122,0.383968033765126,0.454651364784921,0.442075006248152,0.47344790968557,0.483278028549106,0.479193917743997,0.457696805665082,0.470898705783041,0.469139091269995,0.451748947299538,0.475955694273596,0.480551954001661,0.478629459070535,0.468918017638551,0.377745505578551,0.427687532026004,0.350753442464758,0.41360523576742,0.463957261436302,0.441608223725889,0.451464663021816,0.422124763080209,0.42777902965004,0.443972278171872,0.354190900232713,0.416874464112471,0.441424581007857,0.339687220646521,0.401479704123653,0.431306132350595
"Plasmablasts",-0.115993344880576,0.00568030590117884,-0.0282077938391746,0.0399616085842758,-0.132872844166966,-0.0123464707638468,-0.207323504241621,-0.0329345911868163,-0.090453557439859,-0.178034184265028,0.039489109161839,-0.121992935070602,-0.259685862060347,-0.262158127605176,-0.240045103155466,-0.174606323858371,-0.143836148725995,-0.116777141491504,-0.102937514385836,-0.184107861825167,-0.171027008728845,0.0189643480460135,-0.237826414900591,-0.0484795242499621,-0.224541756712581,-0.243911899464966,-0.342900906526417,-0.215169452501838,-0.222941704240881,-0.240147197007367,-0.202656312514117,-0.277129444488636,-0.272025321592487,-0.194105613499708,-0.330669260306972,-0.322880349557312,-0.289041064948507,-0.308956441279778,-0.279326363394191,-0.343926535214249,-0.180295359590423,-0.328662523594112,-0.325753046334173,-0.265341839358057,-0.313563056878027,-0.272312691298579,-0.235681827592544,-0.276278428492313,-0.293061284184446
"Degranulating_neutrophils",0.21638141809291,0.443765281173594,0.162591687041565,0.397310513447433,0.399755501222494,0.419315403422983,0.475550122249389,0.416870415647922,0.465770171149144,0.421760391198044,0.436430317848411,0.475550122249389,0.182151589242054,0.00366748166259168,0.416870415647922,0.299511002444988,0.333740831295844,0.443765281173594,0.409535452322738,0.458435207823961,0.387530562347188,0.421760391198044,0.377750611246944,0.319070904645477,0.458435207823961,0.37041564792176,0.284841075794621,0.365525672371638,0.421760391198044,0.21638141809291,0.404645476772616,0.487775061124694,0.37041564792176,0.507334963325183,-0.4559902200489,-0.470660146699266,-0.23838630806846,-0.323960880195599,-0.311735941320293,-0.277506112469438,-0.0867970660146699,-0.448655256723716,-0.265281173594132,-0.451100244498778,-0.228606356968215,-0.492665036674817,-0.355745721271394,-0.436430317848411,-0.294621026894866
"B_cells",-0.108221805178149,-0.0898914929259618,-0.104376363156502,0.0287642767305582,-0.0176176754837143,-0.12977202056173,-0.12569666978381,-0.139787167897801,-0.0157797709259048,0.0230370354164536,-0.0699895541311369,-0.0273233256469066,-0.115538051015544,-0.128526077037752,-0.145293099539056,-0.152566117606208,-0.0294815103697746,-0.0652780243562545,-0.0803512308354827,-0.153072182629643,-0.1965193585912,-0.0952122887108397,-0.128714849513737,0.0118635169222014,-0.051755497891278,-0.0180193693461518,-0.220616094449023,-0.21503164690688,-0.0269749742868373,-0.0557931982382853,-0.109141435053178,-0.10919504443391,-0.125078208840164,-0.092349259055846,-0.0201111771077133,-0.0433630163143977,0.0628954845481936,-0.00353101631420091,0.113342203413235,-0.091676317496531,0.0488338696783971,-0.15496406900866,-0.079294412091802,-0.0445403634324358,0.0135043452723117,0.0464829719484435,0.174048042607152,-0.0638681346937506,0.02249880880578
"CD4_T_cells",0.0217464725411032,-0.158206160875149,-0.0897623900490923,-0.093243439881728,-0.105324114865201,-0.111344165292588,-0.0817835540284408,-0.120116702321446,-0.124467370701647,-0.0883152363227945,-0.066026868060395,-0.152885497060881,-0.0719864407226016,-0.0454724106479632,-0.147832754808899,-0.0588405834939192,-0.024088557348596,0.0280399470488056,-0.0788919480004097,-0.0252516045765667,-0.010527603104004,-0.0925845460557397,-0.0138968027564056,-0.0507397369227119,-0.138596071360732,-0.0342454753057437,0.0303527982329506,0.0498012640830781,0.065958539870731,0.0430950238188712,-0.0616705083306836,-0.0352265742228699,-0.113912436774537,-0.0665324155319047,0.162082715375035,0.263678987993913,0.248538141537261,0.168624441934677,0.195526430467582,0.221039448554314,0.125713315620596,0.19159049282059,0.157284924230731,0.181014575406003,0.19529829649562,0.167797868544294,0.159273133670558,0.170985424838965,0.152160576807649
"CD8_T_cells",0.157968332947665,0.0239589132832931,0.152540955160087,-0.0357800465097968,0.0408996046291137,-0.0508227838460858,0.0919500001417523,0.0844373300618618,0.0469265609418123,-0.10242054232221,0.0948851939116105,-0.057935009714172,0.124505815984745,0.172172641641371,0.0692649111743171,0.149347130742213,0.0953915456192202,-0.0614003742275317,0.08339346683731,0.173961882707214,-0.0322847266249733,-0.0925474972535201,0.106341078140334,0.0971834548484907,0.0609418719305857,-0.0532673353309006,0.218346434962613,0.159453304294859,0.034208563671759,0.0892135117039197,0.103737996137338,-0.0437974438054621,-0.053957249926166,0.0803450507980017,0.227616639540278,0.301661105248938,0.17140065845086,0.15958114853084,0.148706263800633,0.170192690497062,0.196499299606516,0.268730209208157,0.247546137073344,0.225220445201666,0.263335701994723,0.220497821235292,0.220034627872404,0.264724622809392,0.197031741384381
"Immature_neutrophils",0.14417543068101,0.345224508798101,0.146707437693071,0.226326942443657,0.224596679370581,0.267601627003684,0.264962410254955,0.26155091009229,0.304166109176897,0.323689515507302,0.158103131310084,0.308467258261181,0.170448033343416,0.200375426756107,0.23622818262788,0.221966722378488,0.200904699992522,0.188884184152849,0.23399657670029,0.300657474817909,0.341681210778887,0.324737901788513,0.203751610545898,0.208740538266641,0.251979024391845,0.347543992428141,0.214241474465974,0.203330328093872,0.23776521489191,0.169090940141441,0.248290980170044,0.270311629787649,0.313735436145404,0.427830713805641,0.0182739251276277,-0.038657261958741,0.00124020470260109,0.0270950649656663,-0.00493875858651753,0.0496867452770653,0.0612833938440867,0.0289046575247848,0.0339731595991456,0.0135097842719081,0.0114806738028876,-0.00790881846230039,-0.0287572231194734,-0.000453834656081889,0.0368241403566899
"Classical_monocytes",0.194355213841205,0.027779483064092,0.0783483551546043,0.0507401439608085,0.186012687015153,0.127540799231569,0.145267216565418,0.0235043238199869,0.00910360039773347,0.114798925987278,0.0542696352617128,0.105841254185155,0.206730436299399,0.206329768487031,0.264472397743425,0.132576078514039,0.15039957174215,0.265884254430547,-0.0255072106055233,0.0816751520223503,0.116671534816225,0.0948552171407416,0.230480711564506,0.0258121228404763,0.15910619339982,0.112237268046186,0.144484580400411,0.144075923508717,0.158004391564079,0.226848885387992,0.191515780078233,0.266313130409219,0.239266648122688,0.0617655474163542,0.157358449405139,0.118603620852119,0.118974639472332,0.17195214108953,0.131217272101231,0.192096530019254,0.128826697938943,0.149119490463882,0.129984805579068,0.197152496537614,0.143774354863923,0.104551062193945,0.107214869158192,0.11935468686459,0.148016987564529
"Non-classical_monocytes",-0.048535310598181,-0.166969146102163,-0.106697594726374,-0.114967111949371,-0.0303106812800835,-0.0520128461630842,-0.0261751968731314,-0.160216177022592,-0.12315931447181,-0.0942485921739524,-0.103588835085716,-0.0857850259440463,0.0308691049317478,-0.0498989119889441,0.0215612887627493,-0.0538959427570771,-0.108770500289042,-0.00333661890720952,-0.085997585824713,-0.100399857033589,-0.0838887645103511,-0.124841771599592,-0.0234674665553482,-0.130261924213171,-0.0392480387974423,-0.115632992312813,-0.0404849664295097,-0.0735711963329232,-0.111441540945098,0.00487921762301691,-0.0294738138085877,0.0471571502669555,-0.0106583546849856,-0.10472120958525,-0.0258468175128084,-0.0406540143480247,-0.0362340035667891,-0.0351933086566089,-0.0508669578876839,-0.0450113462650633,-0.0791991282962748,-0.0181315394224371,-0.0302287830111075,-0.0142189783422278,-0.0746116592020931,-0.0435466525419172,-0.00253391568057206,-0.0251766491619059,-0.0634119387374576
"NK cells",0.0762533398597115,-0.00493769764318282,0.126922416966385,-0.109049909139252,0.0136313345234503,-0.117996553077517,0.0292258172604273,0.0671269602010147,0.0358137002668713,-0.185798444283317,0.0448009674745842,-0.110798162982418,0.0866559516400885,0.141767417630283,0.058021778997892,0.0987351029945019,0.0436782225487095,-0.167757690662925,0.0947735984952356,0.144115235142286,-0.138069945778699,-0.16112998885483,0.0415406181044947,0.0241843091731394,0.0532794570642995,-0.167728004851907,0.136777086518514,0.0751489455559459,-0.121629206380418,-0.0529223065195589,-0.018190177509792,-0.125538294780993,-0.111569455453627,-0.00141605243963124,0.122424555792342,0.176513439691807,0.0460188366677157,0.0626179550711925,0.0326019004729275,0.0321502518393283,0.0663814669859568,0.172747517507679,0.174948419971825,0.148469349362408,0.116310920186273,0.0950980669609911,0.0775169769250243,0.161696148507488,0.0916846112189266
"Neutrophil_progenitors",-0.28707986505163,-0.0109872712692579,-0.121568744957697,-0.0991213513186906,-0.293536199192873,-0.0974504775419007,-0.247568722253618,-0.0331048526280831,-0.166394074184694,-0.0795714940918471,-0.116735157520314,-0.0501304005606277,-0.325430852360337,-0.358611945982232,-0.284511675002377,-0.156896462324378,-0.266740696105405,-0.269930668072037,-0.117941856855196,-0.230540651058189,-0.0366681996432943,0.00154308416576258,-0.34403696545244,-0.19356846707282,-0.219206543963388,-0.0596697109995712,-0.344264357460883,-0.248298696415693,-0.169292772603172,-0.388659043103574,-0.279544603612098,-0.307655098096052,-0.134124816509919,-0.157342470980145,-0.404734492435469,-0.404685534476415,-0.419849909857127,-0.414297923524684,-0.445186323308704,-0.380524153816414,-0.406071388382131,-0.4289039867829,-0.409472227069316,-0.405236493676116,-0.438643363083123,-0.432607372729843,-0.444370983464746,-0.391045021452177,-0.408148137038881
