"sample","group","predicted_probability"
"GSM812611","Untreated",0.216673379762178
"GSM812612","Untreated",0.0674963846176584
"GSM812613","Untreated",0.229395039103446
"GSM812615","ARDS",0.593337144095912
"GSM812616","ARDS",0.75146928265334
"GSM812618","ARDS",0.728823936868266
"GSM812619","Untreated",0.0576707266818268
"GSM812620","Untreated",0.242039992842012
"GSM812621","Untreated",0.161503273083879
"GSM812624","Untreated",0.392595950533495
"GSM812625","Untreated",0.78041217847499
"GSM812627","Untreated",0.241201000151256
"GSM812631","ARDS",0.417670476256143
"GSM812647","ARDS",0.643461888432741
"GSM812655","Untreated",0.436265668951716
"GSM812659","Untreated",0.238133729226001
"GSM812667","Untreated",0.107887390850105
"GSM812670","Untreated",0.507651854672793
"GSM812673","ARDS",0.914368067331469
"GSM812676","Untreated",0.478628828456419
"GSM812677","ARDS",0.333507036783045
"GSM812683","ARDS",0.765932578085197
"GSM812686","ARDS",0.912949387416853
"GSM812688","Untreated",0.413152462118119
"GSM812689","Untreated",0.35403177281205
"GSM812690","Untreated",0.0890710618959367
"GSM812693","ARDS",0.578268015553495
"GSM812695","ARDS",0.45517209601308
"GSM812699","Untreated",0.104379099122356
"GSM812702","Untreated",0.427105694938312
"GSM812705","ARDS",0.0777891881956194
"GSM812707","ARDS",0.611556234886957
"GSM812721","ARDS",0.164540901518426
"GSM812728","Untreated",0.352058798548017
"GSM812731","ARDS",0.388511639643073
"GSM812733","ARDS",0.809899654957439
"GSM812735","Untreated",0.510233775262517
"GSM812736","Untreated",0.679145061324276
"GSM812737","ARDS",0.113022796917917
"GSM812739","ARDS",0.921915265733337
"GSM812741","Untreated",0.0684195127679769
"GSM812742","Untreated",0.0672429271452229
"GSM812743","Untreated",0.0702136239570394
"GSM812744","Untreated",0.065835251699428
"GSM812745","Untreated",0.0807785631802164
"GSM812746","Untreated",0.0553230096812417
"GSM812747","Untreated",0.0558315118917744
"GSM812748","Untreated",0.0611746854529888
"GSM812749","Untreated",0.044565404831941
"GSM812750","Untreated",0.0472078556148793
"GSM812751","Untreated",0.0575355592492198
"GSM812752","Untreated",0.0569433797565081
